{
  "hash": "a17961ac",
  "configHash": "8686b668",
  "lockfileHash": "cc73450c",
  "browserHash": "1d7cb8b7",
  "optimized": {
    "@angular/core": {
      "src": "../../../../../../node_modules/@angular/core/fesm2022/core.mjs",
      "file": "@angular_core.js",
      "fileHash": "df48b65e",
      "needsInterop": false
    },
    "@angular/platform-browser": {
      "src": "../../../../../../node_modules/@angular/platform-browser/fesm2022/platform-browser.mjs",
      "file": "@angular_platform-browser.js",
      "fileHash": "a25643f9",
      "needsInterop": false
    },
    "@angular/router": {
      "src": "../../../../../../node_modules/@angular/router/fesm2022/router.mjs",
      "file": "@angular_router.js",
      "fileHash": "2c08d332",
      "needsInterop": false
    }
  },
  "chunks": {
    "chunk-EXB2USTC": {
      "file": "chunk-EXB2USTC.js"
    },
    "chunk-NR5BN73N": {
      "file": "chunk-NR5BN73N.js"
    }
  }
}